[
  {
    "id": "db344c30-ebbf-4ef5-946c-6de6b51ac0ba",
    "data": [
      {
        "text": "date preceding ",
        "userDefined": false
      },
      {
        "text": "phone number",
        "alias": "word",
        "meta": "@sys.any",
        "userDefined": true
      }
    ],
    "isTemplate": false,
    "count": 0,
    "updated": 0
  },
  {
    "id": "608de44c-56dc-467c-a8b1-524f808de8aa",
    "data": [
      {
        "text": "date preceding ",
        "userDefined": false
      },
      {
        "text": "email address",
        "alias": "word",
        "meta": "@sys.any",
        "userDefined": true
      }
    ],
    "isTemplate": false,
    "count": 0,
    "updated": 0
  },
  {
    "id": "1ad56045-f2e5-40c5-8067-89b49e21784b",
    "data": [
      {
        "text": "date",
        "alias": "preceding",
        "meta": "@sys.any",
        "userDefined": true
      },
      {
        "text": " preceding ",
        "userDefined": false
      },
      {
        "text": "dollars",
        "alias": "word",
        "meta": "@sys.any",
        "userDefined": false
      }
    ],
    "isTemplate": false,
    "count": 0,
    "updated": 0
  },
  {
    "id": "2ec5aca9-c8e0-4445-82e9-904fd9f309e5",
    "data": [
      {
        "text": "date",
        "alias": "preceding",
        "meta": "@sys.any",
        "userDefined": true
      },
      {
        "text": " preceding ",
        "userDefined": false
      },
      {
        "text": "word",
        "alias": "word",
        "meta": "@sys.any",
        "userDefined": true
      }
    ],
    "isTemplate": false,
    "count": 0,
    "updated": 0
  },
  {
    "id": "a66c3a19-9a24-4102-879f-884ab5458550",
    "data": [
      {
        "text": "date",
        "alias": "preceding",
        "meta": "@sys.any",
        "userDefined": true
      },
      {
        "text": " preceding ",
        "userDefined": false
      },
      {
        "text": "email",
        "alias": "word",
        "meta": "@sys.any",
        "userDefined": true
      }
    ],
    "isTemplate": false,
    "count": 0,
    "updated": 0
  },
  {
    "id": "6a633563-3f3e-4d9b-9a4c-f450fbc06ad3",
    "data": [
      {
        "text": "date",
        "alias": "preceding",
        "meta": "@sys.any",
        "userDefined": true
      },
      {
        "text": " preceding ",
        "userDefined": false
      },
      {
        "text": "phone",
        "alias": "word",
        "meta": "@sys.any",
        "userDefined": true
      }
    ],
    "isTemplate": false,
    "count": 0,
    "updated": 0
  }
]