[
  {
    "id": "de7bd194-4410-44d9-b480-a732dfa8623d",
    "data": [
      {
        "text": "string preceding ",
        "userDefined": false
      },
      {
        "text": "phone number",
        "alias": "entity",
        "meta": "@sys.any",
        "userDefined": true
      }
    ],
    "isTemplate": false,
    "count": 0,
    "updated": 0
  },
  {
    "id": "db9b43c6-ec9c-431e-9903-688d2ad1ef1a",
    "data": [
      {
        "text": "string preceding ",
        "userDefined": false
      },
      {
        "text": "email address",
        "alias": "entity",
        "meta": "@sys.any",
        "userDefined": true
      }
    ],
    "isTemplate": false,
    "count": 0,
    "updated": 0
  },
  {
    "id": "d379f4c4-6a43-4c90-b896-a2aed0254bbf",
    "data": [
      {
        "text": "string preceding ",
        "userDefined": false
      },
      {
        "text": "email",
        "alias": "entity",
        "meta": "@sys.any",
        "userDefined": true
      }
    ],
    "isTemplate": false,
    "count": 0,
    "updated": 0
  },
  {
    "id": "38081a69-4c73-460b-8773-4d1a1c9ae3d0",
    "data": [
      {
        "text": "string preceding ",
        "userDefined": false
      },
      {
        "text": "address",
        "alias": "entity",
        "meta": "@sys.any",
        "userDefined": true
      }
    ],
    "isTemplate": false,
    "count": 0,
    "updated": 0
  },
  {
    "id": "cab1e087-18d7-4e32-94e3-ed1da3396307",
    "data": [
      {
        "text": "string preceding ",
        "userDefined": false
      },
      {
        "text": "anything",
        "alias": "entity",
        "meta": "@sys.any",
        "userDefined": true
      }
    ],
    "isTemplate": false,
    "count": 0,
    "updated": 0
  },
  {
    "id": "8ec7d8b1-d202-4543-82fd-01434227609d",
    "data": [
      {
        "text": "string preceding ",
        "userDefined": false
      },
      {
        "text": "money",
        "alias": "entity",
        "meta": "@sys.any",
        "userDefined": true
      }
    ],
    "isTemplate": false,
    "count": 0,
    "updated": 0
  },
  {
    "id": "8f323df9-854c-45e0-ad0e-6793a17f90f4",
    "data": [
      {
        "text": "string preceding ",
        "userDefined": false
      },
      {
        "text": "dollars",
        "alias": "entity",
        "meta": "@sys.any",
        "userDefined": false
      }
    ],
    "isTemplate": false,
    "count": 0,
    "updated": 0
  },
  {
    "id": "cd98a017-13e6-40c1-9c39-35ed998b34fa",
    "data": [
      {
        "text": "string preceding ",
        "userDefined": false
      },
      {
        "text": "phone",
        "alias": "entity",
        "meta": "@sys.any",
        "userDefined": true
      }
    ],
    "isTemplate": false,
    "count": 1,
    "updated": 0
  }
]